epoch,train_loss,test_loss
1,331.30517837849067,297.0782636006673
2,254.2422300298163,177.24378204345703
3,124.37627508285198,82.44395128885905
4,85.10381276556787,77.47584025065105
5,79.94279845217442,72.839124361674
6,74.90636914841672,68.34130573272705
7,69.92523087846472,63.343051274617515
8,64.71259437723363,58.40277290344238
9,59.24356598549701,53.35677560170492
10,53.85451353357193,48.685754458109535
11,48.87161798680082,44.55482006072998
12,44.76847336140085,41.861915588378906
13,42.01997253742624,40.317758878072105
14,40.302447988631876,39.4216562906901
15,39.232047466521564,38.948716481526695
16,38.602939443385345,38.6553684870402
17,38.012888279367,38.388182640075684
18,37.50688179503096,38.222607135772705
19,37.15793800354004,37.9923521677653
20,36.75764022989476,37.830082734425865
21,36.48120385027946,37.37024736404419
22,35.95187848679563,37.17472664515177
23,35.567300999418215,36.78497632344564
24,35.082492300804624,36.39831304550171
25,34.59674632295649,36.07639344533285
26,34.1374903333948,35.828632831573486
27,33.61578677562957,35.30482625961304
28,32.86980068937261,34.6980832417806
29,32.26702840277489,34.46838394800822
30,31.46578780640947,33.39735587437948
31,30.576737302414916,32.623256842295326
32,29.716821427040912,31.638011296590168
33,28.690388456304024,30.735724925994873
34,27.587157066832198,30.004787921905518
35,26.475421134461747,29.016155242919922
36,25.314824124600026,27.620728651682537
37,24.049686756539852,26.77008803685506
38,22.91587874229918,25.22335720062256
39,21.712238514677008,24.167022069295246
40,20.626007404733212,23.33543062210083
41,19.639537872152125,22.4061180750529
42,18.739753601398874,21.797697464625042
43,18.201278240122694,21.12916652361552
44,17.436668822105894,20.544863780339558
45,16.86856495065892,20.139435927073162
46,16.45831881178186,19.77020517985026
47,16.01069827789956,19.428918679555256
48,15.652281355350576,19.20939286549886
49,15.324170498137779,18.969273726145428
50,14.995205940084254,18.763611316680908
51,14.873788224889877,18.75992767016093
52,14.592923752805019,18.359994490941364
53,14.303721813445396,18.37280734380086
54,14.090608799711188,18.06462860107422
55,13.901507966061855,17.951396306355793
56,13.777486638819918,17.822702487309773
57,13.51585733129623,17.695347547531128
58,13.275928842260482,17.76694393157959
59,13.118414716517671,17.700586795806885
60,12.98844274561456,17.457850138346355
61,12.793722659983533,17.442628383636475
62,12.599380290254633,17.164240916570026
63,12.375004382843667,17.010510683059692
64,12.23311884859775,16.988431294759113
65,12.163487921369837,16.957708676656086
66,11.951494906811003,16.74712936083476
67,11.849948233746467,16.69847846031189
68,11.707862204693733,16.62502408027649
69,11.526701024238099,16.681050777435303
70,11.4649335171314,16.47243062655131
71,11.22227934573559,16.487194856007893
72,11.18674093611697,16.29091493288676
73,11.011646412788554,16.229457934697468
74,10.89998498876044,16.26931341489156
75,10.818792038775506,16.141085624694824
76,10.643157411128916,16.087466875712078
77,10.534986668444695,16.163984775543213
78,10.50413857115076,15.840538024902344
79,10.289133558882044,15.828098058700562
80,10.204425507403435,15.76201065381368
